"","years","technology","scenario","capacity"
"1",2022,"Batteries","95% by 2035",11520.2
"2",2024,"Batteries","95% by 2035",13389.2
"3",2026,"Batteries","95% by 2035",14750.2
"4",2028,"Batteries","95% by 2035",17506.2
"5",2030,"Batteries","95% by 2035",32883.5
"6",2032,"Batteries","95% by 2035",56632.6
"7",2034,"Batteries","95% by 2035",116024.7
"8",2036,"Batteries","95% by 2035",158203.1
"9",2038,"Batteries","95% by 2035",181261.2
"10",2040,"Batteries","95% by 2035",199664.7
"11",2042,"Batteries","95% by 2035",213264
"12",2044,"Batteries","95% by 2035",228337.9
"13",2046,"Batteries","95% by 2035",237584.1
"14",2048,"Batteries","95% by 2035",239622
"15",2050,"Batteries","95% by 2035",252593.5
"16",2022,"Biomass","95% by 2035",6359.8
"17",2024,"Biomass","95% by 2035",6363.8
"18",2026,"Biomass","95% by 2035",6363.8
"19",2028,"Biomass","95% by 2035",6128.9
"20",2030,"Biomass","95% by 2035",5953.6
"21",2032,"Biomass","95% by 2035",5876.2
"22",2034,"Biomass","95% by 2035",5603.9
"23",2036,"Biomass","95% by 2035",7020.5
"24",2038,"Biomass","95% by 2035",6557.3
"25",2040,"Biomass","95% by 2035",5598
"26",2042,"Biomass","95% by 2035",5738.2
"27",2044,"Biomass","95% by 2035",5503.2
"28",2046,"Biomass","95% by 2035",5371.3
"29",2048,"Biomass","95% by 2035",5341.9
"30",2050,"Biomass","95% by 2035",5210.7
"31",2022,"Coal","95% by 2035",208331.5
"32",2024,"Coal","95% by 2035",178968.9
"33",2026,"Coal","95% by 2035",163425
"34",2028,"Coal","95% by 2035",149462.9
"35",2030,"Coal","95% by 2035",144275.5
"36",2032,"Coal","95% by 2035",132286.8
"37",2034,"Coal","95% by 2035",69483.9
"38",2036,"Coal","95% by 2035",34337.9
"39",2038,"Coal","95% by 2035",30259
"40",2040,"Coal","95% by 2035",30259
"41",2042,"Coal","95% by 2035",28972
"42",2044,"Coal","95% by 2035",27954.3
"43",2046,"Coal","95% by 2035",24303.1
"44",2048,"Coal","95% by 2035",20248.3
"45",2050,"Coal","95% by 2035",18238
"46",2022,"CSP","95% by 2035",1005
"47",2024,"CSP","95% by 2035",1005
"48",2026,"CSP","95% by 2035",1005
"49",2028,"CSP","95% by 2035",1005
"50",2030,"CSP","95% by 2035",1005
"51",2032,"CSP","95% by 2035",1005
"52",2034,"CSP","95% by 2035",1005
"53",2036,"CSP","95% by 2035",1005
"54",2038,"CSP","95% by 2035",1005
"55",2040,"CSP","95% by 2035",1005
"56",2042,"CSP","95% by 2035",939
"57",2044,"CSP","95% by 2035",0
"58",2046,"CSP","95% by 2035",0
"59",2048,"CSP","95% by 2035",0
"60",2050,"CSP","95% by 2035",0
"61",2022,"Gas CC","95% by 2035",285395.2
"62",2024,"Gas CC","95% by 2035",295400.2
"63",2026,"Gas CC","95% by 2035",300194.4
"64",2028,"Gas CC","95% by 2035",304222.3
"65",2030,"Gas CC","95% by 2035",303029.7
"66",2032,"Gas CC","95% by 2035",302708.8
"67",2034,"Gas CC","95% by 2035",301595.8
"68",2036,"Gas CC","95% by 2035",300952.8
"69",2038,"Gas CC","95% by 2035",299148.7
"70",2040,"Gas CC","95% by 2035",298381.3
"71",2042,"Gas CC","95% by 2035",309734.5
"72",2044,"Gas CC","95% by 2035",319632.2
"73",2046,"Gas CC","95% by 2035",344498.4
"74",2048,"Gas CC","95% by 2035",366950.6
"75",2050,"Gas CC","95% by 2035",400616.6
"76",2022,"Gas CC CCS","95% by 2035",0
"77",2024,"Gas CC CCS","95% by 2035",0
"78",2026,"Gas CC CCS","95% by 2035",0
"79",2028,"Gas CC CCS","95% by 2035",0
"80",2030,"Gas CC CCS","95% by 2035",0
"81",2032,"Gas CC CCS","95% by 2035",0
"82",2034,"Gas CC CCS","95% by 2035",0
"83",2036,"Gas CC CCS","95% by 2035",388.9
"84",2038,"Gas CC CCS","95% by 2035",388.9
"85",2040,"Gas CC CCS","95% by 2035",388.9
"86",2042,"Gas CC CCS","95% by 2035",388.9
"87",2044,"Gas CC CCS","95% by 2035",388.9
"88",2046,"Gas CC CCS","95% by 2035",388.9
"89",2048,"Gas CC CCS","95% by 2035",388.9
"90",2050,"Gas CC CCS","95% by 2035",388.9
"91",2022,"Gas CT","95% by 2035",219584.9
"92",2024,"Gas CT","95% by 2035",194814.9
"93",2026,"Gas CT","95% by 2035",186061.5
"94",2028,"Gas CT","95% by 2035",183147.5
"95",2030,"Gas CT","95% by 2035",170910
"96",2032,"Gas CT","95% by 2035",168777.7
"97",2034,"Gas CT","95% by 2035",164622
"98",2036,"Gas CT","95% by 2035",157569.9
"99",2038,"Gas CT","95% by 2035",154137.8
"100",2040,"Gas CT","95% by 2035",148364.4
"101",2042,"Gas CT","95% by 2035",147564.2
"102",2044,"Gas CT","95% by 2035",144676.4
"103",2046,"Gas CT","95% by 2035",137137.1
"104",2048,"Gas CT","95% by 2035",133340.9
"105",2050,"Gas CT","95% by 2035",115932
"106",2022,"Geothermal","95% by 2035",2893.3
"107",2024,"Geothermal","95% by 2035",2893.3
"108",2026,"Geothermal","95% by 2035",3842.6
"109",2028,"Geothermal","95% by 2035",3886.9
"110",2030,"Geothermal","95% by 2035",3926.3
"111",2032,"Geothermal","95% by 2035",4480.6
"112",2034,"Geothermal","95% by 2035",4699.4
"113",2036,"Geothermal","95% by 2035",6987.6
"114",2038,"Geothermal","95% by 2035",7054.3
"115",2040,"Geothermal","95% by 2035",7105.3
"116",2042,"Geothermal","95% by 2035",7415.7
"117",2044,"Geothermal","95% by 2035",7523.8
"118",2046,"Geothermal","95% by 2035",7711.4
"119",2048,"Geothermal","95% by 2035",7879.1
"120",2050,"Geothermal","95% by 2035",8081.8
"121",2022,"Hydro","95% by 2035",76323.5
"122",2024,"Hydro","95% by 2035",76323.5
"123",2026,"Hydro","95% by 2035",79468.4
"124",2028,"Hydro","95% by 2035",79480.4
"125",2030,"Hydro","95% by 2035",79498.6
"126",2032,"Hydro","95% by 2035",79623.3
"127",2034,"Hydro","95% by 2035",79757.5
"128",2036,"Hydro","95% by 2035",79874.9
"129",2038,"Hydro","95% by 2035",79874.9
"130",2040,"Hydro","95% by 2035",79874.9
"131",2042,"Hydro","95% by 2035",80000.2
"132",2044,"Hydro","95% by 2035",80008.3
"133",2046,"Hydro","95% by 2035",80089.2
"134",2048,"Hydro","95% by 2035",80151.2
"135",2050,"Hydro","95% by 2035",80285.2
"136",2022,"Nuclear","95% by 2035",92946.6
"137",2024,"Nuclear","95% by 2035",90706.6
"138",2026,"Nuclear","95% by 2035",90706.6
"139",2028,"Nuclear","95% by 2035",91371.6
"140",2030,"Nuclear","95% by 2035",92091.6
"141",2032,"Nuclear","95% by 2035",92091.6
"142",2034,"Nuclear","95% by 2035",92091.6
"143",2036,"Nuclear","95% by 2035",92091.6
"144",2038,"Nuclear","95% by 2035",92091.6
"145",2040,"Nuclear","95% by 2035",92091.6
"146",2042,"Nuclear","95% by 2035",92091.6
"147",2044,"Nuclear","95% by 2035",92091.6
"148",2046,"Nuclear","95% by 2035",92091.6
"149",2048,"Nuclear","95% by 2035",92091.6
"150",2050,"Nuclear","95% by 2035",90324.5
"151",2022,"PHS","95% by 2035",22818.3
"152",2024,"PHS","95% by 2035",22818.3
"153",2026,"PHS","95% by 2035",22865.7
"154",2028,"PHS","95% by 2035",24311.9
"155",2030,"PHS","95% by 2035",24876.3
"156",2032,"PHS","95% by 2035",27191.7
"157",2034,"PHS","95% by 2035",35315.4
"158",2036,"PHS","95% by 2035",42166
"159",2038,"PHS","95% by 2035",44620.9
"160",2040,"PHS","95% by 2035",47168.4
"161",2042,"PHS","95% by 2035",47836.2
"162",2044,"PHS","95% by 2035",48485.4
"163",2046,"PHS","95% by 2035",48663.3
"164",2048,"PHS","95% by 2035",48930.5
"165",2050,"PHS","95% by 2035",48930.5
"166",2022,"PV dist","95% by 2035",32075
"167",2024,"PV dist","95% by 2035",36419.2
"168",2026,"PV dist","95% by 2035",42942.5
"169",2028,"PV dist","95% by 2035",52659.8
"170",2030,"PV dist","95% by 2035",67313.2
"171",2032,"PV dist","95% by 2035",81251.2
"172",2034,"PV dist","95% by 2035",90262.4
"173",2036,"PV dist","95% by 2035",98834.1
"174",2038,"PV dist","95% by 2035",106183
"175",2040,"PV dist","95% by 2035",113011.2
"176",2042,"PV dist","95% by 2035",118489.8
"177",2044,"PV dist","95% by 2035",124973.2
"178",2046,"PV dist","95% by 2035",130799.6
"179",2048,"PV dist","95% by 2035",136507.8
"180",2050,"PV dist","95% by 2035",143228.2
"181",2022,"PV utility","95% by 2035",70957.7
"182",2024,"PV utility","95% by 2035",84874.1
"183",2026,"PV utility","95% by 2035",129318.9
"184",2028,"PV utility","95% by 2035",183038.2
"185",2030,"PV utility","95% by 2035",280759.3
"186",2032,"PV utility","95% by 2035",366309.6
"187",2034,"PV utility","95% by 2035",502250.3
"188",2036,"PV utility","95% by 2035",564839.3
"189",2038,"PV utility","95% by 2035",583544.5
"190",2040,"PV utility","95% by 2035",609872
"191",2042,"PV utility","95% by 2035",618974.7
"192",2044,"PV utility","95% by 2035",631345.9
"193",2046,"PV utility","95% by 2035",642698.8
"194",2048,"PV utility","95% by 2035",650074.6
"195",2050,"PV utility","95% by 2035",684399.3
"196",2022,"Wind off","95% by 2035",74.4
"197",2024,"Wind off","95% by 2035",5633
"198",2026,"Wind off","95% by 2035",11177
"199",2028,"Wind off","95% by 2035",15945
"200",2030,"Wind off","95% by 2035",18837
"201",2032,"Wind off","95% by 2035",23331
"202",2034,"Wind off","95% by 2035",28131
"203",2036,"Wind off","95% by 2035",31331
"204",2038,"Wind off","95% by 2035",31331
"205",2040,"Wind off","95% by 2035",31331
"206",2042,"Wind off","95% by 2035",31331
"207",2044,"Wind off","95% by 2035",31331
"208",2046,"Wind off","95% by 2035",31331
"209",2048,"Wind off","95% by 2035",31331
"210",2050,"Wind off","95% by 2035",31331
"211",2022,"Wind on","95% by 2035",146118.1
"212",2024,"Wind on","95% by 2035",158751
"213",2026,"Wind on","95% by 2035",189711.6
"214",2028,"Wind on","95% by 2035",226563
"215",2030,"Wind on","95% by 2035",255071.8
"216",2032,"Wind on","95% by 2035",312813.8
"217",2034,"Wind on","95% by 2035",416417.1
"218",2036,"Wind on","95% by 2035",483585.7
"219",2038,"Wind on","95% by 2035",502511
"220",2040,"Wind on","95% by 2035",515182
"221",2042,"Wind on","95% by 2035",534968.4
"222",2044,"Wind on","95% by 2035",563007.7
"223",2046,"Wind on","95% by 2035",583310.9
"224",2048,"Wind on","95% by 2035",614359.7
"225",2050,"Wind on","95% by 2035",639421.3
"226",2022,"Batteries","95% by 2050",11520.2
"227",2024,"Batteries","95% by 2050",13367.8
"228",2026,"Batteries","95% by 2050",14944.9
"229",2028,"Batteries","95% by 2050",18625.4
"230",2030,"Batteries","95% by 2050",33068.3
"231",2032,"Batteries","95% by 2050",44254
"232",2034,"Batteries","95% by 2050",52517.3
"233",2036,"Batteries","95% by 2050",63416.9
"234",2038,"Batteries","95% by 2050",70552.5
"235",2040,"Batteries","95% by 2050",82928
"236",2042,"Batteries","95% by 2050",98819.8
"237",2044,"Batteries","95% by 2050",131553.5
"238",2046,"Batteries","95% by 2050",185445.2
"239",2048,"Batteries","95% by 2050",214349.6
"240",2050,"Batteries","95% by 2050",243113.3
"241",2022,"Biomass","95% by 2050",6359.8
"242",2024,"Biomass","95% by 2050",6363.8
"243",2026,"Biomass","95% by 2050",6363.8
"244",2028,"Biomass","95% by 2050",6128.9
"245",2030,"Biomass","95% by 2050",5953.6
"246",2032,"Biomass","95% by 2050",5876.2
"247",2034,"Biomass","95% by 2050",5603.9
"248",2036,"Biomass","95% by 2050",5438.6
"249",2038,"Biomass","95% by 2050",4534.1
"250",2040,"Biomass","95% by 2050",3546.8
"251",2042,"Biomass","95% by 2050",3126.5
"252",2044,"Biomass","95% by 2050",2891.5
"253",2046,"Biomass","95% by 2050",2641.1
"254",2048,"Biomass","95% by 2050",2583.7
"255",2050,"Biomass","95% by 2050",3795.3
"256",2022,"Coal","95% by 2050",208331.5
"257",2024,"Coal","95% by 2050",180120.4
"258",2026,"Coal","95% by 2050",171282
"259",2028,"Coal","95% by 2050",166457.2
"260",2030,"Coal","95% by 2050",159853.1
"261",2032,"Coal","95% by 2050",155517.4
"262",2034,"Coal","95% by 2050",151536.1
"263",2036,"Coal","95% by 2050",150680.6
"264",2038,"Coal","95% by 2050",146964.5
"265",2040,"Coal","95% by 2050",145068.1
"266",2042,"Coal","95% by 2050",138743.3
"267",2044,"Coal","95% by 2050",130127.1
"268",2046,"Coal","95% by 2050",109851.9
"269",2048,"Coal","95% by 2050",92325.9
"270",2050,"Coal","95% by 2050",78153.9
"271",2022,"CSP","95% by 2050",1005
"272",2024,"CSP","95% by 2050",1005
"273",2026,"CSP","95% by 2050",1005
"274",2028,"CSP","95% by 2050",1005
"275",2030,"CSP","95% by 2050",1005
"276",2032,"CSP","95% by 2050",1005
"277",2034,"CSP","95% by 2050",1005
"278",2036,"CSP","95% by 2050",1005
"279",2038,"CSP","95% by 2050",1005
"280",2040,"CSP","95% by 2050",1005
"281",2042,"CSP","95% by 2050",939
"282",2044,"CSP","95% by 2050",0
"283",2046,"CSP","95% by 2050",0
"284",2048,"CSP","95% by 2050",0
"285",2050,"CSP","95% by 2050",0
"286",2022,"Gas CC","95% by 2050",285395.2
"287",2024,"Gas CC","95% by 2050",295074.4
"288",2026,"Gas CC","95% by 2050",301054.2
"289",2028,"Gas CC","95% by 2050",302028
"290",2030,"Gas CC","95% by 2050",305284.5
"291",2032,"Gas CC","95% by 2050",310616.8
"292",2034,"Gas CC","95% by 2050",311660.7
"293",2036,"Gas CC","95% by 2050",314077.2
"294",2038,"Gas CC","95% by 2050",319761.8
"295",2040,"Gas CC","95% by 2050",325537.3
"296",2042,"Gas CC","95% by 2050",328306.7
"297",2044,"Gas CC","95% by 2050",328306.7
"298",2046,"Gas CC","95% by 2050",323415.4
"299",2048,"Gas CC","95% by 2050",321895.2
"300",2050,"Gas CC","95% by 2050",338573.3
"301",2022,"Gas CC CCS","95% by 2050",0
"302",2024,"Gas CC CCS","95% by 2050",0
"303",2026,"Gas CC CCS","95% by 2050",0
"304",2028,"Gas CC CCS","95% by 2050",0
"305",2030,"Gas CC CCS","95% by 2050",0
"306",2032,"Gas CC CCS","95% by 2050",0
"307",2034,"Gas CC CCS","95% by 2050",0
"308",2036,"Gas CC CCS","95% by 2050",0
"309",2038,"Gas CC CCS","95% by 2050",0
"310",2040,"Gas CC CCS","95% by 2050",0
"311",2042,"Gas CC CCS","95% by 2050",0
"312",2044,"Gas CC CCS","95% by 2050",0
"313",2046,"Gas CC CCS","95% by 2050",0
"314",2048,"Gas CC CCS","95% by 2050",0
"315",2050,"Gas CC CCS","95% by 2050",22963.9
"316",2022,"Gas CT","95% by 2050",219584.9
"317",2024,"Gas CT","95% by 2050",195155.2
"318",2026,"Gas CT","95% by 2050",186714
"319",2028,"Gas CT","95% by 2050",182907.3
"320",2030,"Gas CT","95% by 2050",170864.8
"321",2032,"Gas CT","95% by 2050",169053
"322",2034,"Gas CT","95% by 2050",165245.6
"323",2036,"Gas CT","95% by 2050",161791.3
"324",2038,"Gas CT","95% by 2050",158113.6
"325",2040,"Gas CT","95% by 2050",151850.6
"326",2042,"Gas CT","95% by 2050",147832.5
"327",2044,"Gas CT","95% by 2050",142356.4
"328",2046,"Gas CT","95% by 2050",133082.6
"329",2048,"Gas CT","95% by 2050",134952.7
"330",2050,"Gas CT","95% by 2050",111033.3
"331",2022,"Geothermal","95% by 2050",2893.3
"332",2024,"Geothermal","95% by 2050",2893.3
"333",2026,"Geothermal","95% by 2050",3646.4
"334",2028,"Geothermal","95% by 2050",3690.7
"335",2030,"Geothermal","95% by 2050",3730.1
"336",2032,"Geothermal","95% by 2050",3779.3
"337",2034,"Geothermal","95% by 2050",3823.6
"338",2036,"Geothermal","95% by 2050",3867.9
"339",2038,"Geothermal","95% by 2050",3912.2
"340",2040,"Geothermal","95% by 2050",5704.7
"341",2042,"Geothermal","95% by 2050",7010
"342",2044,"Geothermal","95% by 2050",7523.8
"343",2046,"Geothermal","95% by 2050",7677.3
"344",2048,"Geothermal","95% by 2050",7844.6
"345",2050,"Geothermal","95% by 2050",8597.8
"346",2022,"Hydro","95% by 2050",76323.5
"347",2024,"Hydro","95% by 2050",76323.5
"348",2026,"Hydro","95% by 2050",79316.2
"349",2028,"Hydro","95% by 2050",79352.2
"350",2030,"Hydro","95% by 2050",79408.7
"351",2032,"Hydro","95% by 2050",79474.9
"352",2034,"Hydro","95% by 2050",79513.7
"353",2036,"Hydro","95% by 2050",79528.7
"354",2038,"Hydro","95% by 2050",79528.7
"355",2040,"Hydro","95% by 2050",79552.7
"356",2042,"Hydro","95% by 2050",79629.2
"357",2044,"Hydro","95% by 2050",79658.3
"358",2046,"Hydro","95% by 2050",79759.1
"359",2048,"Hydro","95% by 2050",79917.8
"360",2050,"Hydro","95% by 2050",80010.7
"361",2022,"Nuclear","95% by 2050",92946.6
"362",2024,"Nuclear","95% by 2050",90706.6
"363",2026,"Nuclear","95% by 2050",90706.6
"364",2028,"Nuclear","95% by 2050",91371.6
"365",2030,"Nuclear","95% by 2050",92091.6
"366",2032,"Nuclear","95% by 2050",92091.6
"367",2034,"Nuclear","95% by 2050",92091.6
"368",2036,"Nuclear","95% by 2050",92091.6
"369",2038,"Nuclear","95% by 2050",92091.6
"370",2040,"Nuclear","95% by 2050",92091.6
"371",2042,"Nuclear","95% by 2050",92091.6
"372",2044,"Nuclear","95% by 2050",92091.6
"373",2046,"Nuclear","95% by 2050",92091.6
"374",2048,"Nuclear","95% by 2050",92091.6
"375",2050,"Nuclear","95% by 2050",90324.5
"376",2022,"PHS","95% by 2050",22818.3
"377",2024,"PHS","95% by 2050",22818.3
"378",2026,"PHS","95% by 2050",22967.8
"379",2028,"PHS","95% by 2050",23066.7
"380",2030,"PHS","95% by 2050",25534.4
"381",2032,"PHS","95% by 2050",27864.7
"382",2034,"PHS","95% by 2050",30423.3
"383",2036,"PHS","95% by 2050",32545.4
"384",2038,"PHS","95% by 2050",33992.3
"385",2040,"PHS","95% by 2050",34660.1
"386",2042,"PHS","95% by 2050",36452.4
"387",2044,"PHS","95% by 2050",37096.8
"388",2046,"PHS","95% by 2050",39603.3
"389",2048,"PHS","95% by 2050",41583.3
"390",2050,"PHS","95% by 2050",43483.6
"391",2022,"PV dist","95% by 2050",32075
"392",2024,"PV dist","95% by 2050",36419.2
"393",2026,"PV dist","95% by 2050",42942.5
"394",2028,"PV dist","95% by 2050",52659.8
"395",2030,"PV dist","95% by 2050",67313.2
"396",2032,"PV dist","95% by 2050",81251.2
"397",2034,"PV dist","95% by 2050",90262.4
"398",2036,"PV dist","95% by 2050",98834.1
"399",2038,"PV dist","95% by 2050",106183
"400",2040,"PV dist","95% by 2050",113011.2
"401",2042,"PV dist","95% by 2050",118489.8
"402",2044,"PV dist","95% by 2050",124973.2
"403",2046,"PV dist","95% by 2050",130799.6
"404",2048,"PV dist","95% by 2050",136507.8
"405",2050,"PV dist","95% by 2050",143228.2
"406",2022,"PV utility","95% by 2050",70957.7
"407",2024,"PV utility","95% by 2050",81206.7
"408",2026,"PV utility","95% by 2050",114005.3
"409",2028,"PV utility","95% by 2050",146263
"410",2030,"PV utility","95% by 2050",210132
"411",2032,"PV utility","95% by 2050",234578.9
"412",2034,"PV utility","95% by 2050",258256.3
"413",2036,"PV utility","95% by 2050",287131.2
"414",2038,"PV utility","95% by 2050",311032.7
"415",2040,"PV utility","95% by 2050",340312.3
"416",2042,"PV utility","95% by 2050",381278.9
"417",2044,"PV utility","95% by 2050",463993.3
"418",2046,"PV utility","95% by 2050",534714.7
"419",2048,"PV utility","95% by 2050",610528.2
"420",2050,"PV utility","95% by 2050",646591.2
"421",2022,"Wind off","95% by 2050",74.4
"422",2024,"Wind off","95% by 2050",5633
"423",2026,"Wind off","95% by 2050",11177
"424",2028,"Wind off","95% by 2050",15945
"425",2030,"Wind off","95% by 2050",18837
"426",2032,"Wind off","95% by 2050",23331
"427",2034,"Wind off","95% by 2050",28131
"428",2036,"Wind off","95% by 2050",31331
"429",2038,"Wind off","95% by 2050",31331
"430",2040,"Wind off","95% by 2050",31331
"431",2042,"Wind off","95% by 2050",31331
"432",2044,"Wind off","95% by 2050",31331
"433",2046,"Wind off","95% by 2050",31331
"434",2048,"Wind off","95% by 2050",31331
"435",2050,"Wind off","95% by 2050",31331
"436",2022,"Wind on","95% by 2050",146118.1
"437",2024,"Wind on","95% by 2050",158152.8
"438",2026,"Wind on","95% by 2050",167412.3
"439",2028,"Wind on","95% by 2050",178813.8
"440",2030,"Wind on","95% by 2050",187124.6
"441",2032,"Wind on","95% by 2050",198017.8
"442",2034,"Wind on","95% by 2050",225441.4
"443",2036,"Wind on","95% by 2050",252928.8
"444",2038,"Wind on","95% by 2050",275693.1
"445",2040,"Wind on","95% by 2050",289200.4
"446",2042,"Wind on","95% by 2050",332229.4
"447",2044,"Wind on","95% by 2050",382765.4
"448",2046,"Wind on","95% by 2050",441005
"449",2048,"Wind on","95% by 2050",513235.7
"450",2050,"Wind on","95% by 2050",563447
"451",2022,"Batteries","Reference",11520.2
"452",2024,"Batteries","Reference",13367.8
"453",2026,"Batteries","Reference",14944.9
"454",2028,"Batteries","Reference",18778.6
"455",2030,"Batteries","Reference",32922.9
"456",2032,"Batteries","Reference",46985.5
"457",2034,"Batteries","Reference",52272.9
"458",2036,"Batteries","Reference",58370.7
"459",2038,"Batteries","Reference",64190.7
"460",2040,"Batteries","Reference",72258.8
"461",2042,"Batteries","Reference",88241.8
"462",2044,"Batteries","Reference",98988.7
"463",2046,"Batteries","Reference",110562.3
"464",2048,"Batteries","Reference",119859.3
"465",2050,"Batteries","Reference",143246.4
"466",2022,"Biomass","Reference",6359.8
"467",2024,"Biomass","Reference",6363.8
"468",2026,"Biomass","Reference",6363.8
"469",2028,"Biomass","Reference",6128.9
"470",2030,"Biomass","Reference",5953.6
"471",2032,"Biomass","Reference",5876.2
"472",2034,"Biomass","Reference",5603.9
"473",2036,"Biomass","Reference",5438.6
"474",2038,"Biomass","Reference",4534.1
"475",2040,"Biomass","Reference",3546.8
"476",2042,"Biomass","Reference",3126.5
"477",2044,"Biomass","Reference",2891.5
"478",2046,"Biomass","Reference",2641.1
"479",2048,"Biomass","Reference",2583.7
"480",2050,"Biomass","Reference",2452.5
"481",2022,"Coal","Reference",208331.5
"482",2024,"Coal","Reference",180120.4
"483",2026,"Coal","Reference",171282
"484",2028,"Coal","Reference",166783.3
"485",2030,"Coal","Reference",160180.7
"486",2032,"Coal","Reference",155845
"487",2034,"Coal","Reference",151863.7
"488",2036,"Coal","Reference",150979.2
"489",2038,"Coal","Reference",147263.1
"490",2040,"Coal","Reference",145366.7
"491",2042,"Coal","Reference",139041.9
"492",2044,"Coal","Reference",132088.1
"493",2046,"Coal","Reference",115960
"494",2048,"Coal","Reference",98423.4
"495",2050,"Coal","Reference",84470.1
"496",2022,"CSP","Reference",1005
"497",2024,"CSP","Reference",1005
"498",2026,"CSP","Reference",1005
"499",2028,"CSP","Reference",1005
"500",2030,"CSP","Reference",1005
"501",2032,"CSP","Reference",1005
"502",2034,"CSP","Reference",1005
"503",2036,"CSP","Reference",1005
"504",2038,"CSP","Reference",1005
"505",2040,"CSP","Reference",1005
"506",2042,"CSP","Reference",939
"507",2044,"CSP","Reference",0
"508",2046,"CSP","Reference",0
"509",2048,"CSP","Reference",0
"510",2050,"CSP","Reference",0
"511",2022,"Gas CC","Reference",285395.2
"512",2024,"Gas CC","Reference",295074.4
"513",2026,"Gas CC","Reference",301054
"514",2028,"Gas CC","Reference",303130.2
"515",2030,"Gas CC","Reference",302531
"516",2032,"Gas CC","Reference",312373
"517",2034,"Gas CC","Reference",316847.9
"518",2036,"Gas CC","Reference",325107
"519",2038,"Gas CC","Reference",335450.9
"520",2040,"Gas CC","Reference",345249.6
"521",2042,"Gas CC","Reference",352675.9
"522",2044,"Gas CC","Reference",368061.5
"523",2046,"Gas CC","Reference",376271.6
"524",2048,"Gas CC","Reference",383826.4
"525",2050,"Gas CC","Reference",390427.3
"526",2022,"Gas CC CCS","Reference",0
"527",2024,"Gas CC CCS","Reference",0
"528",2026,"Gas CC CCS","Reference",0
"529",2028,"Gas CC CCS","Reference",0
"530",2030,"Gas CC CCS","Reference",0
"531",2032,"Gas CC CCS","Reference",0
"532",2034,"Gas CC CCS","Reference",0
"533",2036,"Gas CC CCS","Reference",0
"534",2038,"Gas CC CCS","Reference",0
"535",2040,"Gas CC CCS","Reference",0
"536",2042,"Gas CC CCS","Reference",0
"537",2044,"Gas CC CCS","Reference",0
"538",2046,"Gas CC CCS","Reference",0
"539",2048,"Gas CC CCS","Reference",0
"540",2050,"Gas CC CCS","Reference",0
"541",2022,"Gas CT","Reference",219584.9
"542",2024,"Gas CT","Reference",195155.2
"543",2026,"Gas CT","Reference",186714
"544",2028,"Gas CT","Reference",183369.2
"545",2030,"Gas CT","Reference",171018.8
"546",2032,"Gas CT","Reference",169386.7
"547",2034,"Gas CT","Reference",166354.7
"548",2036,"Gas CT","Reference",163064.1
"549",2038,"Gas CT","Reference",159843
"550",2040,"Gas CT","Reference",155297.3
"551",2042,"Gas CT","Reference",152413.2
"552",2044,"Gas CT","Reference",151324.7
"553",2046,"Gas CT","Reference",163534.6
"554",2048,"Gas CT","Reference",181295.3
"555",2050,"Gas CT","Reference",186552.8
"556",2022,"Geothermal","Reference",2893.3
"557",2024,"Geothermal","Reference",2893.3
"558",2026,"Geothermal","Reference",3646.4
"559",2028,"Geothermal","Reference",3690.7
"560",2030,"Geothermal","Reference",3730.1
"561",2032,"Geothermal","Reference",3779.3
"562",2034,"Geothermal","Reference",3823.6
"563",2036,"Geothermal","Reference",3867.9
"564",2038,"Geothermal","Reference",3912.2
"565",2040,"Geothermal","Reference",5032.5
"566",2042,"Geothermal","Reference",7010
"567",2044,"Geothermal","Reference",7095.7
"568",2046,"Geothermal","Reference",7218.6
"569",2048,"Geothermal","Reference",7371.7
"570",2050,"Geothermal","Reference",7586.6
"571",2022,"Hydro","Reference",76323.5
"572",2024,"Hydro","Reference",76323.5
"573",2026,"Hydro","Reference",79316.2
"574",2028,"Hydro","Reference",79345
"575",2030,"Hydro","Reference",79401.7
"576",2032,"Hydro","Reference",79493.9
"577",2034,"Hydro","Reference",79505.1
"578",2036,"Hydro","Reference",79512.1
"579",2038,"Hydro","Reference",79512.1
"580",2040,"Hydro","Reference",79512.1
"581",2042,"Hydro","Reference",79512.1
"582",2044,"Hydro","Reference",79541.2
"583",2046,"Hydro","Reference",79556.1
"584",2048,"Hydro","Reference",79654.6
"585",2050,"Hydro","Reference",79663.6
"586",2022,"Nuclear","Reference",92946.6
"587",2024,"Nuclear","Reference",90706.6
"588",2026,"Nuclear","Reference",90706.6
"589",2028,"Nuclear","Reference",91371.6
"590",2030,"Nuclear","Reference",92091.6
"591",2032,"Nuclear","Reference",92091.6
"592",2034,"Nuclear","Reference",92091.6
"593",2036,"Nuclear","Reference",92091.6
"594",2038,"Nuclear","Reference",92091.6
"595",2040,"Nuclear","Reference",92091.6
"596",2042,"Nuclear","Reference",92091.6
"597",2044,"Nuclear","Reference",92091.6
"598",2046,"Nuclear","Reference",92091.6
"599",2048,"Nuclear","Reference",92091.6
"600",2050,"Nuclear","Reference",90324.5
"601",2022,"PHS","Reference",22818.3
"602",2024,"PHS","Reference",22818.3
"603",2026,"PHS","Reference",22961.1
"604",2028,"PHS","Reference",23017.3
"605",2030,"PHS","Reference",26384.1
"606",2032,"PHS","Reference",28284.4
"607",2034,"PHS","Reference",30512.2
"608",2036,"PHS","Reference",33294.7
"609",2038,"PHS","Reference",33843
"610",2040,"PHS","Reference",34782.7
"611",2042,"PHS","Reference",35637.4
"612",2044,"PHS","Reference",36872.9
"613",2046,"PHS","Reference",39263.3
"614",2048,"PHS","Reference",40704.2
"615",2050,"PHS","Reference",42372.5
"616",2022,"PV dist","Reference",32075
"617",2024,"PV dist","Reference",36419.2
"618",2026,"PV dist","Reference",42942.5
"619",2028,"PV dist","Reference",52659.8
"620",2030,"PV dist","Reference",67313.2
"621",2032,"PV dist","Reference",81251.2
"622",2034,"PV dist","Reference",90262.4
"623",2036,"PV dist","Reference",98834.1
"624",2038,"PV dist","Reference",106183
"625",2040,"PV dist","Reference",113011.2
"626",2042,"PV dist","Reference",118489.8
"627",2044,"PV dist","Reference",124973.2
"628",2046,"PV dist","Reference",130799.6
"629",2048,"PV dist","Reference",136507.8
"630",2050,"PV dist","Reference",143228.2
"631",2022,"PV utility","Reference",70957.7
"632",2024,"PV utility","Reference",81206.7
"633",2026,"PV utility","Reference",113991.9
"634",2028,"PV utility","Reference",140929.4
"635",2030,"PV utility","Reference",205546.3
"636",2032,"PV utility","Reference",215876.2
"637",2034,"PV utility","Reference",236427.7
"638",2036,"PV utility","Reference",245997.6
"639",2038,"PV utility","Reference",259345.1
"640",2040,"PV utility","Reference",267117.7
"641",2042,"PV utility","Reference",286932.2
"642",2044,"PV utility","Reference",303061.8
"643",2046,"PV utility","Reference",326840.3
"644",2048,"PV utility","Reference",343096.8
"645",2050,"PV utility","Reference",373532.8
"646",2022,"Wind off","Reference",74.4
"647",2024,"Wind off","Reference",5633
"648",2026,"Wind off","Reference",11177
"649",2028,"Wind off","Reference",15945
"650",2030,"Wind off","Reference",18837
"651",2032,"Wind off","Reference",23331
"652",2034,"Wind off","Reference",28131
"653",2036,"Wind off","Reference",31331
"654",2038,"Wind off","Reference",31331
"655",2040,"Wind off","Reference",31331
"656",2042,"Wind off","Reference",31331
"657",2044,"Wind off","Reference",31331
"658",2046,"Wind off","Reference",31331
"659",2048,"Wind off","Reference",31331
"660",2050,"Wind off","Reference",31331
"661",2022,"Wind on","Reference",146118.1
"662",2024,"Wind on","Reference",158152.8
"663",2026,"Wind on","Reference",167502.1
"664",2028,"Wind on","Reference",169322.1
"665",2030,"Wind on","Reference",175275.7
"666",2032,"Wind on","Reference",176620.5
"667",2034,"Wind on","Reference",191668.4
"668",2036,"Wind on","Reference",204280.6
"669",2038,"Wind on","Reference",214661.8
"670",2040,"Wind on","Reference",217810.3
"671",2042,"Wind on","Reference",224256.1
"672",2044,"Wind on","Reference",239933.7
"673",2046,"Wind on","Reference",256445.3
"674",2048,"Wind on","Reference",268080.1
"675",2050,"Wind on","Reference",304267.3
